record_type,event_id,record_id,evidence_ids,independent_source_count,independent_sources,missing_evidence_ids,confidence_route,required_action
tuple,E001,LLM_E001_001,ev-00001;ev-00008;ev-00015,3,by.gov.cn;gz.gov.cn;new.qq.com,,silver_candidate,standard_review
tuple,E001,LLM_E001_002,ev-00001;ev-00002;ev-00007,2,gz.gov.cn;new.qq.com,,silver_candidate,standard_review
tuple,E001,LLM_E001_003,ev-00010,1,sohu.com,,low_confidence,human_review_required
tuple,E001,LLM_E001_004,ev-00010,1,sohu.com,,low_confidence,human_review_required
tuple,E001,LLM_E001_005,ev-00022,1,new.qq.com,,low_confidence,human_review_required
tuple,E001,LLM_E001_006,ev-00023,1,m.110ask.com,,low_confidence,human_review_required
tuple,E002,LLM_E002_001,ev-00049,1,pudong.gov.cn,,low_confidence,human_review_required
tuple,E002,LLM_E002_002,ev-00046;ev-00047;ev-00048,1,pudong.gov.cn,,low_confidence,human_review_required
tuple,E002,LLM_E002_003,ev-00041;ev-00042;ev-00044,3,163.com;jfdaily.com;m.thepaper.cn,,silver_candidate,standard_review
tuple,E002,LLM_E002_004,ev-00042;ev-00044,2,163.com;jfdaily.com,,silver_candidate,standard_review
tuple,E002,LLM_E002_005,ev-01416;ev-00042,2,163.com;pudong.gov.cn,,silver_candidate,standard_review
tuple,E002,LLM_E002_006,ev-00039;ev-01412;ev-01413,2,chinapipe.net;sh.bidcenter.com.cn,,silver_candidate,standard_review
tuple,E003,LLM_E003_001,ev-00056;ev-00060;ev-01438,3,m.sohu.com;news.sohu.com;xiaoqushuo.com,,silver_candidate,standard_review
tuple,E003,LLM_E003_002,ev-01438,1,xiaoqushuo.com,,low_confidence,human_review_required
tuple,E003,LLM_E003_003,ev-00056;ev-00057;ev-00060;ev-01437,4,cbi360.net;finance.eastmoney.com;m.sohu.com;news.sohu.com,,silver_candidate,standard_review
tuple,E003,LLM_E003_004,ev-00059;ev-00061;ev-00062;ev-01438;ev-00065,4,m.fang.com;sz.news.fang.com;szlh.gov.cn;xiaoqushuo.com,,silver_candidate,standard_review
tuple,E003,LLM_E003_005,ev-00057;ev-00059;ev-00061;ev-00062;ev-01435,4,163.com;finance.eastmoney.com;m.fang.com;sz.news.fang.com,,silver_candidate,standard_review
tuple,E003,LLM_E003_006,ev-01436,1,pnr.sz.gov.cn,,low_confidence,human_review_required
tuple,E004,LLM_E004_001,ev-00077;ev-00081;ev-00082;ev-00083;ev-01455,5,163.com;business.china.com;finance.jrj.com.cn;new.qq.com;sohu.com,,silver_candidate,standard_review
tuple,E004,LLM_E004_002,ev-00080;ev-00086;ev-00087,2,gz.gov.cn;hp.gov.cn,,silver_candidate,standard_review
tuple,E004,LLM_E004_003,ev-00080;ev-00086;ev-00087,2,gz.gov.cn;hp.gov.cn,,silver_candidate,standard_review
tuple,E004,LLM_E004_004,ev-00081;ev-00082;ev-00083;ev-00084,4,business.china.com;new.qq.com;sohu.com;toutiao.com,,silver_candidate,standard_review
tuple,E004,LLM_E004_005,ev-00084,1,toutiao.com,,low_confidence,human_review_required
tuple,E004,LLM_E004_006,ev-00077;ev-00081;ev-00082;ev-00083;ev-00085;ev-01455,5,163.com;business.china.com;finance.jrj.com.cn;new.qq.com;sohu.com,,silver_candidate,standard_review
tuple,E005,LLM_E005_001,ev-00096;ev-00097,1,kankanews.com,,low_confidence,human_review_required
tuple,E005,LLM_E005_002,ev-00096;ev-00097,1,kankanews.com,,low_confidence,human_review_required
tuple,E005,LLM_E005_003,ev-00096;ev-00097,1,kankanews.com,,low_confidence,human_review_required
tuple,E005,LLM_E005_004,ev-00096;ev-00097,1,kankanews.com,,low_confidence,human_review_required
tuple,E005,LLM_E005_005,ev-00111,1,shanghai.gov.cn,,low_confidence,human_review_required
tuple,E005,LLM_E005_006,ev-00112,1,shanghai.gov.cn,,low_confidence,human_review_required
tuple,E006,LLM_E006_001,ev-00116,1,sohu.com,,low_confidence,human_review_required
tuple,E006,LLM_E006_002,ev-00116,1,sohu.com,,low_confidence,human_review_required
tuple,E006,LLM_E006_003,ev-00116,1,sohu.com,,low_confidence,human_review_required
tuple,E006,LLM_E006_004,ev-00125,1,xiaoqushuo.com,,low_confidence,human_review_required
tuple,E006,LLM_E006_005,ev-00130,1,gz.gov.cn,,low_confidence,human_review_required
tuple,E006,LLM_E006_006,ev-00133,1,scjgj.gz.gov.cn,,low_confidence,human_review_required
tuple,E007,LLM_E007_001,ev-00137,1,api.app.anhuinews.com,,low_confidence,human_review_required
tuple,E007,LLM_E007_002,ev-00137,1,api.app.anhuinews.com,,low_confidence,human_review_required
tuple,E007,LLM_E007_003,ev-00137,1,api.app.anhuinews.com,,low_confidence,human_review_required
tuple,E007,LLM_E007_004,ev-00137,1,api.app.anhuinews.com,,low_confidence,human_review_required
tuple,E007,LLM_E007_005,ev-00139,1,k.sina.com.cn,,low_confidence,human_review_required
tuple,E007,LLM_E007_006,ev-00139,1,k.sina.com.cn,,low_confidence,human_review_required
tuple,E008,LLM_E008_001,ev-00164;ev-00179;ev-00156,3,doc88.com;syney.net;ykbyq.lncourt.gov.cn,,silver_candidate,standard_review
tuple,E008,LLM_E008_002,ev-00164;ev-00179;ev-00165,3,lawyer.110.com;syney.net;ykbyq.lncourt.gov.cn,,silver_candidate,standard_review
tuple,E008,LLM_E008_003,ev-00165;ev-00179,2,lawyer.110.com;ykbyq.lncourt.gov.cn,,silver_candidate,standard_review
tuple,E008,LLM_E008_004,ev-00156;ev-00164;ev-00179,3,doc88.com;syney.net;ykbyq.lncourt.gov.cn,,silver_candidate,standard_review
tuple,E008,LLM_E008_005,ev-00161,1,lawtime.cn,,low_confidence,human_review_required
tuple,E008,LLM_E008_006,ev-00156;ev-00165;ev-00179,3,doc88.com;lawyer.110.com;ykbyq.lncourt.gov.cn,,silver_candidate,standard_review
tuple,E009,LLM_E009_001,ev-00205;ev-01536,1,news.cnr.cn,,low_confidence,human_review_required
tuple,E009,LLM_E009_002,ev-00205;ev-01536,1,news.cnr.cn,,low_confidence,human_review_required
tuple,E009,LLM_E009_003,ev-00207;ev-01536,2,m.sohu.com;news.cnr.cn,,silver_candidate,standard_review
tuple,E009,LLM_E009_004,ev-00207,1,m.sohu.com,,low_confidence,human_review_required
tuple,E009,LLM_E009_005,ev-00205,1,news.cnr.cn,,low_confidence,human_review_required
tuple,E009,LLM_E009_006,ev-00206,1,toutiao.com,,low_confidence,human_review_required
tuple,E011,LLM_E011_001,ev-00243;ev-01572;ev-01576,3,finance.ifeng.com;infzm.com;m.sohu.com,,silver_candidate,standard_review
tuple,E011,LLM_E011_002,ev-00242;ev-01571,2,finance.sina.com.cn;toutiao.com,,silver_candidate,standard_review
tuple,E011,LLM_E011_003,ev-00242;ev-00249,2,163.com;toutiao.com,,silver_candidate,standard_review
tuple,E011,LLM_E011_004,ev-00242;ev-00248,2,k.sina.com.cn;toutiao.com,,silver_candidate,standard_review
tuple,E011,LLM_E011_005,ev-00245;ev-00249,2,163.com;sohu.com,,silver_candidate,standard_review
tuple,E011,LLM_E011_006,ev-00246,1,163.com,,low_confidence,human_review_required
tuple,E012,LLM_E012_001,ev-01591;ev-00262;ev-00261,3,163.com;m.szhgh.com;toutiao.com,,silver_candidate,standard_review
tuple,E012,LLM_E012_002,ev-00260;ev-01594,2,163.com;toutiao.com,,silver_candidate,standard_review
tuple,E012,LLM_E012_003,ev-00268;ev-01597,2,cj.sina.com.cn;opinion.voc.com.cn,,silver_candidate,standard_review
tuple,E012,LLM_E012_004,ev-00266,1,toutiao.com,,low_confidence,human_review_required
tuple,E012,LLM_E012_005,ev-01593,1,law.rednet.cn,,low_confidence,human_review_required
tuple,E012,LLM_E012_006,ev-01597;ev-00269,2,cj.sina.com.cn;kankanews.com,,silver_candidate,standard_review
tuple,E013,LLM_E013_001,ev-00280;ev-01624,2,news.cctv.com;toutiao.com,,silver_candidate,standard_review
tuple,E013,LLM_E013_002,ev-00284;ev-01611,2,app.myzaker.com;news.cctv.com,,silver_candidate,standard_review
tuple,E013,LLM_E013_003,ev-01621;ev-01623;ev-00285,3,hinews.cn;isee.weishi.qq.com;new.qq.com,,silver_candidate,standard_review
tuple,E013,LLM_E013_004,ev-01624;ev-01622,2,m.sohu.com;news.cctv.com,,silver_candidate,standard_review
tuple,E013,LLM_E013_005,ev-00285,1,isee.weishi.qq.com,,low_confidence,human_review_required
tuple,E013,LLM_E013_006,ev-01617;ev-01618,2,finance.sina.com.cn;sohu.com,,silver_candidate,standard_review
tuple,E014,LLM_E014_001,ev-00309;ev-01640,2,m.sohu.com;m.szhgh.com,,silver_candidate,standard_review
tuple,E014,LLM_E014_002,ev-00302;ev-00303;ev-00304;ev-01639,4,jiemian.com;mnsac.com;news.dayoo.com;thepaper.cn,,silver_candidate,standard_review
tuple,E014,LLM_E014_003,ev-00300;ev-00320;ev-00323,1,toutiao.com,,low_confidence,human_review_required
tuple,E014,LLM_E014_004,ev-00301;ev-00306;ev-00307,1,toutiao.com,,low_confidence,human_review_required
tuple,E014,LLM_E014_005,ev-00308;ev-00324;ev-01640,3,m.sohu.com;m.toutiao.com;toutiao.com,,silver_candidate,standard_review
tuple,E014,LLM_E014_006,ev-00325,1,zhuanlan.zhihu.com,,low_confidence,human_review_required
tuple,E015,LLM_E015_001,ev-00326;ev-00329;ev-00333,3,cn.chinadaily.com.cn;finance.sina.cn;nmgcb.com.cn,,silver_candidate,standard_review
tuple,E015,LLM_E015_002,ev-00331;ev-00333;ev-00348,3,finance.sina.cn;fzsx.gov.cn;toutiao.com,,silver_candidate,standard_review
tuple,E015,LLM_E015_003,ev-00331,1,fzsx.gov.cn,,low_confidence,human_review_required
tuple,E015,LLM_E015_004,ev-00327,1,toutiao.com,,low_confidence,human_review_required
tuple,E015,LLM_E015_005,ev-00346,1,toutiao.com,,low_confidence,human_review_required
tuple,E015,LLM_E015_006,ev-00346,1,toutiao.com,,low_confidence,human_review_required
tuple,E016,LLM_E016_001,ev-00364;ev-00382,2,fangcheng.01ny.cn;sohu.com,,silver_candidate,standard_review
tuple,E016,LLM_E016_002,ev-00368,1,m.jiemian.com,,low_confidence,human_review_required
tuple,E016,LLM_E016_003,ev-00366;ev-00367;ev-00369,3,news.china.com;sohu.com;toutiao.com,,silver_candidate,standard_review
tuple,E016,LLM_E016_004,ev-00380,1,m.163.com,,low_confidence,human_review_required
tuple,E016,LLM_E016_005,ev-00361;ev-00362;ev-00370,3,c.m.163.com;jiemian.com;news.china.com,,silver_candidate,standard_review
tuple,E016,LLM_E016_006,ev-00381;ev-00382;ev-00384,2,sohu.com;toutiao.com,,silver_candidate,standard_review
tuple,E017,LLM_E017_001,ev-00403;ev-00404;ev-00409,3,edu.sina.com.cn;finance.sina.com.cn;news.bjd.com.cn,,silver_candidate,standard_review
tuple,E017,LLM_E017_002,ev-00403;ev-00405;ev-00408,3,finance.sina.com.cn;news.bjd.com.cn;news.china.com,,silver_candidate,standard_review
tuple,E017,LLM_E017_003,ev-00403;ev-00405;ev-00409,3,edu.sina.com.cn;finance.sina.com.cn;news.bjd.com.cn,,silver_candidate,standard_review
tuple,E017,LLM_E017_004,ev-00423;ev-00424;ev-00425,3,m.thepaper.cn;new.qq.com;toutiao.com,,silver_candidate,standard_review
tuple,E017,LLM_E017_005,ev-00406;ev-00424;ev-00425,2,m.thepaper.cn;new.qq.com,,silver_candidate,standard_review
tuple,E017,LLM_E017_006,ev-00410;ev-00423;ev-00424,3,new.qq.com;sohu.com;toutiao.com,,silver_candidate,standard_review
tuple,E018,LLM_E018_001,ev-00437;ev-00440;ev-00446,3,app.myzaker.com;sohu.com;toutiao.china.com,,silver_candidate,standard_review
tuple,E018,LLM_E018_002,ev-00439;ev-01652;ev-01653,2,163.com;toutiao.china.com,,silver_candidate,standard_review
tuple,E018,LLM_E018_003,ev-00441,1,toutiao.china.com,,low_confidence,human_review_required
tuple,E018,LLM_E018_004,ev-01651;ev-00443;ev-01657,3,gz.news.fang.com;m.fang.com;toutiao.china.com,,silver_candidate,standard_review
tuple,E018,LLM_E018_005,ev-01651,1,toutiao.china.com,,low_confidence,human_review_required
tuple,E018,LLM_E018_006,ev-00442;ev-00445;ev-01657,2,m.fang.com;sohu.com,,silver_candidate,standard_review
tuple,E019,LLM_E019_001,ev-00458;ev-01680,2,finance.sina.com.cn;toutiao.com,,silver_candidate,standard_review
tuple,E019,LLM_E019_002,ev-00461,1,m.xfb315.com,,low_confidence,human_review_required
tuple,E019,LLM_E019_003,ev-01677;ev-01678,1,tousu.sina.cn,,low_confidence,human_review_required
tuple,E019,LLM_E019_004,ev-00458,1,finance.sina.com.cn,,low_confidence,human_review_required
tuple,E019,LLM_E019_005,ev-01676,1,sd.china.com,,low_confidence,human_review_required
tuple,E019,LLM_E019_006,ev-00460;ev-01682,1,163.com,,low_confidence,human_review_required
tuple,E021,LLM_E021_001,ev-00498;ev-00500;ev-00505;ev-01716,4,finance.sina.com.cn;news.southcn.com;thepaper.cn;toutiao.com,,silver_candidate,standard_review
tuple,E021,LLM_E021_002,ev-01714;ev-00499;ev-00500,3,finance.sina.com.cn;news.china.com;toutiao.com,,silver_candidate,standard_review
tuple,E021,LLM_E021_003,ev-00499;ev-01712;ev-01715;ev-00501,4,163.com;kankanews.com;news.china.com;toutiao.com,,silver_candidate,standard_review
tuple,E021,LLM_E021_004,ev-00506;ev-00498;ev-00505,3,163.com;thepaper.cn;toutiao.com,,silver_candidate,standard_review
tuple,E021,LLM_E021_005,ev-00498;ev-00499;ev-00505;ev-01712,4,163.com;news.china.com;thepaper.cn;toutiao.com,,silver_candidate,standard_review
tuple,E021,LLM_E021_006,ev-00497,1,toutiao.com,,low_confidence,human_review_required
tuple,E022,LLM_E022_001,ev-00517;ev-00518;ev-00519;ev-01733,4,cbgc.scol.com.cn;news.china.com;sohu.com;yangtse.com,,silver_candidate,standard_review
tuple,E022,LLM_E022_002,ev-00519;ev-00526;ev-00540;ev-01733,4,huxiu.com;news.china.com;toutiao.com;yangtse.com,,silver_candidate,standard_review
tuple,E022,LLM_E022_003,ev-00517;ev-00519;ev-00523;ev-00526,3,sohu.com;toutiao.com;yangtse.com,,silver_candidate,standard_review
tuple,E022,LLM_E022_004,ev-01732,1,finance.sina.com.cn,,low_confidence,human_review_required
tuple,E022,LLM_E022_005,ev-00538,1,shiyan.com,,low_confidence,human_review_required
tuple,E022,LLM_E022_006,ev-01732,1,finance.sina.com.cn,,low_confidence,human_review_required
tuple,E023,LLM_E023_001,ev-00563;ev-00564;ev-00565;ev-00569,4,163.com;chinanews.com.cn;health.ycwb.com;toutiao.com,,silver_candidate,standard_review
tuple,E023,LLM_E023_002,ev-00563;ev-00564;ev-00565;ev-00567,4,163.com;ce.cn;chinanews.com.cn;toutiao.com,,silver_candidate,standard_review
tuple,E023,LLM_E023_003,ev-00563;ev-00564;ev-00566;ev-00568,3,chinanews.com.cn;toutiao.com;view.inews.qq.com,,silver_candidate,standard_review
tuple,E023,LLM_E023_004,ev-00563;ev-00564;ev-00566;ev-00569,4,chinanews.com.cn;health.ycwb.com;toutiao.com;view.inews.qq.com,,silver_candidate,standard_review
tuple,E023,LLM_E023_005,ev-00564;ev-00565;ev-00566;ev-00567,4,163.com;ce.cn;chinanews.com.cn;view.inews.qq.com,,silver_candidate,standard_review
tuple,E023,LLM_E023_006,ev-00552,1,toutiao.com,,low_confidence,human_review_required
tuple,E024,LLM_E024_001,ev-00584;ev-01756;ev-01764,3,m.ahwang.cn;my399.com;new.qq.com,,silver_candidate,standard_review
tuple,E024,LLM_E024_002,ev-00585;ev-00586;ev-00591;ev-01759,4,big5.china.com.cn;chinanews.com.cn;hxxkw.org;news.cnwest.com,,silver_candidate,standard_review
tuple,E024,LLM_E024_003,ev-00582;ev-00586;ev-01760,3,chinanews.com.cn;m.thepaper.cn;sohu.com,,silver_candidate,standard_review
tuple,E024,LLM_E024_004,ev-01759;ev-00582;ev-01760,3,m.thepaper.cn;news.cnwest.com;sohu.com,,silver_candidate,standard_review
tuple,E024,LLM_E024_005,ev-00584;ev-01756;ev-01762,3,m.ahwang.cn;my399.com;thepaper.cn,,silver_candidate,standard_review
tuple,E024,LLM_E024_006,ev-00583;ev-00588;ev-01761,3,163.com;kankanews.com;toutiao.com,,silver_candidate,standard_review
tuple,E025,LLM_E025_001,ev-00604;ev-00605;ev-01772;ev-01782,4,163.com;huxiu.com;news.bjd.com.cn;toutiao.com,,silver_candidate,standard_review
tuple,E025,LLM_E025_002,ev-00603;ev-00605;ev-01782,2,news.bjd.com.cn;toutiao.com,,silver_candidate,standard_review
tuple,E025,LLM_E025_003,ev-00606;ev-01777;ev-00609,3,bangqike.com;police.news.sohu.com;review.qianlong.com,,silver_candidate,standard_review
tuple,E025,LLM_E025_004,ev-00606;ev-00608;ev-00610,3,bangqike.com;sohu.com;toutiao.com,,silver_candidate,standard_review
tuple,E025,LLM_E025_005,ev-00611;ev-00608,2,m.toutiao.com;sohu.com,,silver_candidate,standard_review
tuple,E025,LLM_E025_006,ev-00607,1,163.com,,low_confidence,human_review_required
tuple,E026,LLM_E026_001,ev-00622;ev-00627;ev-01797;ev-01799,3,guancha.cn;mil.news.sina.com.cn;toutiao.com,,silver_candidate,standard_review
tuple,E026,LLM_E026_002,ev-00627;ev-01792,2,163.com;toutiao.com,,silver_candidate,standard_review
tuple,E026,LLM_E026_003,ev-00622,1,toutiao.com,,low_confidence,human_review_required
tuple,E026,LLM_E026_004,ev-00624;ev-01798;ev-01802,3,bjnews.com.cn;moment.rednet.cn;new.qq.com,,silver_candidate,standard_review
tuple,E026,LLM_E026_005,ev-00624;ev-00625;ev-01798,3,bjnews.com.cn;moment.rednet.cn;sohu.com,,silver_candidate,standard_review
tuple,E026,LLM_E026_006,ev-01801;ev-01803,2,163.com;finance.gucheng.com,,silver_candidate,standard_review
tuple,E027,LLM_E027_001,ev-01814;ev-01816;ev-00643,3,sohu.com;szb.wxrb.com;toutiao.com,,silver_candidate,standard_review
tuple,E027,LLM_E027_002,ev-01816;ev-00642,2,163.com;szb.wxrb.com,,silver_candidate,standard_review
tuple,E027,LLM_E027_003,ev-00643;ev-00645;ev-01811,3,kankanews.com;lawtime.cn;toutiao.com,,silver_candidate,standard_review
tuple,E027,LLM_E027_004,ev-01812,1,finance.sina.com.cn,,low_confidence,human_review_required
tuple,E027,LLM_E027_005,ev-00645;ev-01814;ev-00644,3,kankanews.com;sohu.com;thepaper.cn,,silver_candidate,standard_review
tuple,E027,LLM_E027_006,ev-01811,1,lawtime.cn,,low_confidence,human_review_required
tuple,E028,LLM_E028_001,ev-00664;ev-00668;ev-00669;ev-00685,4,finance.sina.com.cn;fjnews.fjsen.com;fz.bendibao.com;news.fznews.com.cn,,silver_candidate,standard_review
tuple,E028,LLM_E028_002,ev-01257;ev-01258;ev-01259,3,163.com;new.qq.com;toutiao.com,,silver_candidate,standard_review
tuple,E028,LLM_E028_003,ev-00667;ev-00670,2,163.com;zohi.tv,,silver_candidate,standard_review
tuple,E028,LLM_E028_004,ev-00670;ev-00687;ev-00690,2,fz.bendibao.com;zohi.tv,,silver_candidate,standard_review
tuple,E028,LLM_E028_005,ev-00683;ev-00688,2,m-fztvapp.zohi.tv;news.fznews.com.cn,,silver_candidate,standard_review
tuple,E028,LLM_E028_006,ev-00662;ev-00663;ev-00685;ev-00686,2,fz.bendibao.com;m.fz.bendibao.com,,silver_candidate,standard_review
tuple,E029,LLM_E029_001,ev-00691;ev-00695;ev-00697;ev-01833,4,finance.sina.com.cn;gxmuyfy.cn;m.sohu.com;thepaper.cn,,silver_candidate,standard_review
tuple,E029,LLM_E029_002,ev-00696,1,gxmuyfy.cn,,low_confidence,human_review_required
tuple,E029,LLM_E029_003,ev-00697;ev-00699;ev-01833;ev-01837,4,finance.sina.com.cn;gxmuyfy.cn;m.shaoxing.com.cn;news.medlive.cn,,silver_candidate,standard_review
tuple,E029,LLM_E029_004,ev-00691;ev-00692;ev-00693;ev-00694;ev-00697,4,gxmuyfy.cn;m.163.com;m.thepaper.cn;thepaper.cn,,silver_candidate,standard_review
tuple,E029,LLM_E029_005,ev-00695;ev-01832;ev-01846,2,m.sohu.com;toutiao.com,,silver_candidate,standard_review
tuple,E029,LLM_E029_006,ev-01846,1,toutiao.com,,low_confidence,human_review_required
tuple,E030,LLM_E030_001,ev-00711;ev-00712;ev-00715,3,c.m.163.com;news.qq.com;yicai.com,,silver_candidate,standard_review
tuple,E030,LLM_E030_002,ev-00713;ev-00714,2,m.sohu.com;shenzhen.jcy.gov.cn,,silver_candidate,standard_review
tuple,E030,LLM_E030_003,ev-00713;ev-00714;ev-00716;ev-00718,4,m.sohu.com;news.qq.com;shenzhen.jcy.gov.cn;sohu.com,,silver_candidate,standard_review
tuple,E030,LLM_E030_004,ev-00711;ev-00712;ev-00715,3,c.m.163.com;news.qq.com;yicai.com,,silver_candidate,standard_review
tuple,E030,LLM_E030_005,ev-00716;ev-00718;ev-01286;ev-01287;ev-01289,5,difang.gmw.cn;elderly.qianlong.com;gongyi.gmw.cn;news.qq.com;sohu.com,,silver_candidate,standard_review
tuple,E030,LLM_E030_006,ev-00721;ev-00723;ev-00727;ev-00728;ev-00729,1,wjw.sz.gov.cn,,low_confidence,human_review_required
tuple,E032,LLM_E032_001,ev-00758;ev-01881;ev-01883,3,news.gmw.cn;sohu.com;yjj.benxi.gov.cn,,silver_candidate,standard_review
tuple,E032,LLM_E032_002,ev-00756,1,y.meizhou.cn,,low_confidence,human_review_required
tuple,E032,LLM_E032_003,ev-01876;ev-01882;ev-00752,3,bjnews.com.cn;cwyan.com;yjgl.gd.gov.cn,,silver_candidate,standard_review
tuple,E032,LLM_E032_004,ev-01871;ev-01875,2,finance.sina.com.cn;toutiao.com,,silver_candidate,standard_review
tuple,E032,LLM_E032_005,ev-00757,1,toutiao.com,,low_confidence,human_review_required
tuple,E032,LLM_E032_006,ev-00751;ev-00752;ev-00754;ev-01872;ev-01873,3,bjnews.com.cn;k.sina.cn;new.qq.com,,silver_candidate,standard_review
tuple,E033,LLM_E033_001,ev-00795;ev-00797;ev-00779,2,mem.gov.cn;tv.cctv.cn,,silver_candidate,standard_review
tuple,E033,LLM_E033_002,ev-00775,1,toutiao.com,,low_confidence,human_review_required
tuple,E033,LLM_E033_003,ev-00771;ev-00792,1,toutiao.com,,low_confidence,human_review_required
tuple,E033,LLM_E033_004,ev-00800,1,jxtcms.net,,low_confidence,human_review_required
tuple,E033,LLM_E033_005,ev-00802;ev-00800,2,bwc.xyc.edu.cn;jxtcms.net,,silver_candidate,standard_review
tuple,E033,LLM_E033_006,ev-00801;ev-00796,2,fire114.cn;gx.jiceng.zhengzhou.gov.cn,,silver_candidate,standard_review
tuple,E035,LLM_E035_001,ev-00835,1,bjnews.com.cn,,low_confidence,human_review_required
tuple,E035,LLM_E035_002,ev-00835,1,bjnews.com.cn,,low_confidence,human_review_required
tuple,E035,LLM_E035_003,ev-00835,1,bjnews.com.cn,,low_confidence,human_review_required
tuple,E035,LLM_E035_004,ev-00836;ev-01923;ev-01924,2,k.sina.com.cn;news.qq.com,,silver_candidate,standard_review
tuple,E035,LLM_E035_005,ev-00836;ev-00837;ev-00840;ev-01924,3,k.sina.com.cn;news.china.com;news.qq.com,,silver_candidate,standard_review
tuple,E035,LLM_E035_006,ev-01911;ev-01921;ev-01924,3,eeo.com.cn;infzm.com;news.qq.com,,silver_candidate,standard_review
tuple,E036,LLM_E036_001,ev-00857;ev-00858;ev-00859,3,chuzhou.gov.cn;finance.sina.com.cn;slj.xinyang.gov.cn,,silver_candidate,standard_review
tuple,E036,LLM_E036_002,ev-00856;ev-00860;ev-00863,3,bjnews.com.cn;kan.china.com;news.cctv.com,,silver_candidate,standard_review
tuple,E036,LLM_E036_003,ev-00862,1,sohu.com,,low_confidence,human_review_required
tuple,E036,LLM_E036_004,ev-01933;ev-01935,2,news.enorth.com.cn;toutiao.com,,silver_candidate,standard_review
tuple,E036,LLM_E036_005,ev-00855,1,huanbao.bjx.com.cn,,low_confidence,human_review_required
tuple,E036,LLM_E036_006,ev-01931,1,sthjj.chuzhou.gov.cn,,low_confidence,human_review_required
tuple,E037,LLM_E037_001,ev-00876,1,baike.sogou.com,,low_confidence,human_review_required
tuple,E037,LLM_E037_002,ev-00877,1,news.sina.com.cn,,low_confidence,human_review_required
tuple,E037,LLM_E037_003,ev-00895;ev-00897,2,news.bjd.com.cn;thepaper.cn,,silver_candidate,standard_review
tuple,E037,LLM_E037_004,ev-00898;ev-00906,1,163.com,,low_confidence,human_review_required
tuple,E037,LLM_E037_005,ev-00903;ev-00882,2,fire114.cn;toutiao.com,,silver_candidate,standard_review
tuple,E037,LLM_E037_006,ev-00905;ev-00907,2,max.book118.com;thinkdid.com,,silver_candidate,standard_review
tuple,E038,LLM_E038_001,ev-00935;ev-00933,2,mem.gov.cn;toutiao.com,,silver_candidate,standard_review
tuple,E038,LLM_E038_002,ev-00918;ev-00919;ev-00920,2,163.com;cnews.chinadaily.com.cn,,silver_candidate,standard_review
tuple,E038,LLM_E038_003,ev-00943,1,cn.chinadaily.com.cn,,low_confidence,human_review_required
tuple,E038,LLM_E038_004,ev-00916;ev-00938;ev-00939,3,chinanews.com.cn;news.sina.com.cn;sohu.com,,silver_candidate,standard_review
tuple,E038,LLM_E038_005,ev-00941,1,wap.zol.com.cn,,low_confidence,human_review_required
tuple,E038,LLM_E038_006,ev-00934;ev-00936,2,m.sohu.com;toutiao.com,,silver_candidate,standard_review
tuple,E039,LLM_E039_001,ev-00951;ev-00954;ev-00952,3,eco.gov.cn;news.cn;toutiao.com,,silver_candidate,standard_review
tuple,E039,LLM_E039_002,ev-00948;ev-00949,2,163.com;news.china.com,,silver_candidate,standard_review
tuple,E039,LLM_E039_003,ev-00947;ev-00970;ev-00977,3,baike.sogou.com;news.fznews.com.cn;sohu.com,,silver_candidate,standard_review
tuple,E039,LLM_E039_004,ev-00965,1,bjnews.com.cn,,low_confidence,human_review_required
tuple,E039,LLM_E039_005,ev-00953;ev-00975,2,bjnews.com.cn;news.bjd.com.cn,,silver_candidate,standard_review
tuple,E039,LLM_E039_006,ev-00971;ev-00967,1,toutiao.com,,low_confidence,human_review_required
tuple,E040,LLM_E040_001,ev-00984;ev-00992;ev-01332,3,baike.sogou.com;news.cn;yjt.shanxi.gov.cn,,silver_candidate,standard_review
tuple,E040,LLM_E040_002,ev-01327;ev-01328;ev-01332;ev-01333,4,coal.in-en.com;news.china.com;news.cn;stdaily.com,,silver_candidate,standard_review
tuple,E040,LLM_E040_003,ev-01326;ev-01327;ev-01332;ev-01333,4,cnstock.com;news.china.com;news.cn;stdaily.com,,silver_candidate,standard_review
tuple,E040,LLM_E040_004,ev-00993,1,nbd.com.cn,,low_confidence,human_review_required
tuple,E040,LLM_E040_005,ev-01329;ev-01330,2,cnr.cn;zhengguannews.cn,,silver_candidate,standard_review
tuple,E040,LLM_E040_006,ev-01004;ev-01007,1,toutiao.com,,low_confidence,human_review_required
tuple,E041,LLM_E041_001,ev-01010,1,zhihu.com,,low_confidence,human_review_required
tuple,E041,LLM_E041_002,ev-01012;ev-01013,2,toutiao.com;xueqiu.com,,silver_candidate,standard_review
tuple,E041,LLM_E041_003,ev-02013;ev-02015;ev-02020,2,163.com;toutiao.com,,silver_candidate,standard_review
tuple,E041,LLM_E041_004,ev-01012;ev-01017,2,tech.ifeng.com;xueqiu.com,,silver_candidate,standard_review
tuple,E041,LLM_E041_005,ev-01011,1,163.com,,low_confidence,human_review_required
tuple,E041,LLM_E041_006,ev-01014,1,m.toutiao.com,,low_confidence,human_review_required
tuple,E042,LLM_E042_001,ev-01030;ev-01031,1,sohu.com,,low_confidence,human_review_required
tuple,E042,LLM_E042_002,ev-01034;ev-01053;ev-01054,3,finance.sina.com.cn;ithome.com;toutiao.com,,silver_candidate,standard_review
tuple,E042,LLM_E042_003,ev-01032;ev-01043;ev-01044,2,gz.gov.cn;toutiao.com,,silver_candidate,standard_review
tuple,E042,LLM_E042_004,ev-01033,1,news.china.com,,low_confidence,human_review_required
tuple,E042,LLM_E042_005,ev-01043;ev-01044,1,gz.gov.cn,,low_confidence,human_review_required
tuple,E042,LLM_E042_006,ev-01041;ev-01045,1,scjgj.gz.gov.cn,,low_confidence,human_review_required
tuple,E043,LLM_E043_001,ev-01069;ev-01072;ev-01091,2,cgw.wuhan.gov.cn;news.qq.com,,silver_candidate,standard_review
tuple,E043,LLM_E043_002,ev-01091;ev-01069;ev-01072,2,cgw.wuhan.gov.cn;news.qq.com,,silver_candidate,standard_review
tuple,E043,LLM_E043_003,ev-01088,1,jtj.wuhan.gov.cn,,low_confidence,human_review_required
tuple,E043,LLM_E043_004,ev-01074;ev-01076,2,finance.sina.com.cn;news.china.com,,silver_candidate,standard_review
tuple,E043,LLM_E043_005,ev-01075;ev-01077,2,nbd.com.cn;news.cjn.cn,,silver_candidate,standard_review
tuple,E043,LLM_E043_006,ev-01068;ev-01092;ev-01093,3,news.hbtv.com.cn;news.iqilu.com;sohu.com,,silver_candidate,standard_review
tuple,E044,LLM_E044_001,ev-01117;ev-02036,2,hlj.gov.cn;mdj.gov.cn,,silver_candidate,standard_review
tuple,E044,LLM_E044_002,ev-01118;ev-02045,2,heilongjiang.big5.dbw.cn;thepaper.cn,,silver_candidate,standard_review
tuple,E044,LLM_E044_003,ev-01118;ev-01117,2,hlj.gov.cn;thepaper.cn,,silver_candidate,standard_review
tuple,E044,LLM_E044_004,ev-01120;ev-01123,2,nmgtl.wenming.cn;yangtse.com,,silver_candidate,standard_review
tuple,E044,LLM_E044_005,ev-01117;ev-02031,2,gaoyou.yangzhou.gov.cn;hlj.gov.cn,,silver_candidate,standard_review
tuple,E044,LLM_E044_006,ev-01126;ev-02042,2,mlkx.net;taodocs.com,,silver_candidate,standard_review
tuple,E045,LLM_E045_001,ev-02051;ev-01139,1,cgw.wuhan.gov.cn,,low_confidence,human_review_required
tuple,E045,LLM_E045_002,ev-02051;ev-01139,1,cgw.wuhan.gov.cn,,low_confidence,human_review_required
tuple,E045,LLM_E045_003,ev-02051;ev-01139,1,cgw.wuhan.gov.cn,,low_confidence,human_review_required
tuple,E045,LLM_E045_004,ev-02053,1,jtj.wuhan.gov.cn,,low_confidence,human_review_required
tuple,E045,LLM_E045_005,ev-01137;ev-01138;ev-01140,3,sohu.com;thepaper.cn;toutiao.com,,silver_candidate,standard_review
tuple,E045,LLM_E045_006,ev-02053;ev-02062;ev-02051,3,cgw.wuhan.gov.cn;chinaz.com;jtj.wuhan.gov.cn,,silver_candidate,standard_review
tuple,E046,LLM_E046_001,ev-01159,1,finance.eastmoney.com,,low_confidence,human_review_required
tuple,E046,LLM_E046_002,ev-01159,1,finance.eastmoney.com,,low_confidence,human_review_required
tuple,E046,LLM_E046_003,ev-01157;ev-02077;ev-02078,3,163.com;bbthy.net;tech.huanqiu.com,,silver_candidate,standard_review
tuple,E046,LLM_E046_004,ev-01160;ev-01161,2,finance.people.com.cn;thepaper.cn,,silver_candidate,standard_review
tuple,E046,LLM_E046_005,ev-02080;ev-02081;ev-02078,3,bbthy.net;chu.edu.cn;gov.cn,,silver_candidate,standard_review
tuple,E046,LLM_E046_006,ev-01159;ev-01158;ev-01163,3,cnstock.com;finance.eastmoney.com;ithome.com,,silver_candidate,standard_review
tuple,E047,LLM_E047_001,ev-01177;ev-01180;ev-01181,3,new.qq.com;toutiao.com;yicai.com,,silver_candidate,standard_review
tuple,E047,LLM_E047_002,ev-01183,1,henan.gov.cn,,low_confidence,human_review_required
tuple,E047,LLM_E047_003,ev-02091;ev-02092;ev-02101,3,gov.cn;news.china.com.cn;sohu.com,,silver_candidate,standard_review
tuple,E047,LLM_E047_004,ev-02102;ev-02103;ev-02104;ev-02105,4,c.m.163.com;m.163.com;m.thepaper.cn;sohu.com,,silver_candidate,standard_review
tuple,E047,LLM_E047_005,ev-01177;ev-01181;ev-01180,3,new.qq.com;toutiao.com;yicai.com,,silver_candidate,standard_review
tuple,E047,LLM_E047_006,ev-01177;ev-01178;ev-01183;ev-02093,4,3g.china.com;henan.gov.cn;news.qq.com;toutiao.com,,silver_candidate,standard_review
tuple,E048,LLM_E048_001,ev-01198;ev-01199;ev-01200;ev-01201,4,new.qq.com;partners.sina.cn;toutiao.com;view.inews.qq.com,,silver_candidate,standard_review
tuple,E048,LLM_E048_002,ev-01198;ev-01200;ev-01206,3,m.thepaper.cn;new.qq.com;partners.sina.cn,,silver_candidate,standard_review
tuple,E048,LLM_E048_003,ev-01198;ev-01199;ev-01201,3,new.qq.com;toutiao.com;view.inews.qq.com,,silver_candidate,standard_review
tuple,E048,LLM_E048_004,ev-01198;ev-01201,2,new.qq.com;view.inews.qq.com,,silver_candidate,standard_review
tuple,E048,LLM_E048_005,ev-01203,1,js12377.cn,,low_confidence,human_review_required
tuple,E048,LLM_E048_006,ev-01203;ev-02125,2,js12377.cn;secrss.com,,silver_candidate,standard_review
tuple,E050,LLM_E050_001,ev-01239;ev-01243;ev-01242,3,ping-jia.net;taibo.cn;thepaper.cn,,silver_candidate,standard_review
tuple,E050,LLM_E050_002,ev-01239;ev-02131,2,ashea.com.cn;thepaper.cn,,silver_candidate,standard_review
tuple,E050,LLM_E050_003,ev-02136;ev-01246;ev-01239,3,67848.cn;hebtv.com;thepaper.cn,,silver_candidate,standard_review
tuple,E050,LLM_E050_004,ev-02131;ev-01237;ev-02136,3,ashea.com.cn;chinaz.com;hebtv.com,,silver_candidate,standard_review
tuple,E050,LLM_E050_005,ev-02134;ev-02135;ev-02137,2,m.jixuanw.com;toutiao.com,,silver_candidate,standard_review
tuple,E050,LLM_E050_006,ev-01241;ev-01238;ev-01237,3,chinaz.com;opinion.gxnews.com.cn;zhihu.com,,silver_candidate,standard_review
