event_id,tuple_id,stakeholder,opinion,sentiment,rationale,event_chain,evidence_ids,evidence_texts,evidence_source_types,evidence_urls,evidence_titles,evidence_dates,adjudication_priority_score,priority_bucket,priority_reason,review_decision,revised_stakeholder,revised_opinion,revised_sentiment,revised_rationale,revised_evidence_ids,reviewer_note,reviewer_id,adjudication_status
E015,LLM_E015_EXP_001,肥乡区相关部门,河北省邯郸市肥乡区初中生被害事件相关工作中，政府部门依法依规进行处理并回应社会关切,neutral,官方文件ev-00331记录了肥乡区相关部门的立场和行动,CHAIN_E015_001: 2024年3月10日，邯郸市肥乡区初一学生王某某被杀害 -> 公安机关立即开展侦破，3月11日犯罪嫌疑人被全部抓获 -> 官方通报案件进展 -> 犯罪嫌疑人被依法采取刑事强制措施，案件在进一步处理 ||| CHAIN_E015_002: 邯郸市肥乡区初一学生王某某被害事件发生 -> 社会广泛关注，媒体大量报道引发公众同情与讨论 -> 肥乡区高度重视，公安机关迅速介入并通报案情 -> 涉案嫌疑人被抓获并采取强制措施 ||| CHAIN_E015_003: 2024年3月10日，学生王某某在肥乡区北高镇张庄村附近被害 -> 多家媒体跟进报道，舆论呼吁加强未成年人保护 -> 肥乡区委员会宣传部通过官方微信公众号发布案情通报 -> 案件正在依法处理中,ev-00331,"“微观肥乡”17日发布通报:3月10日,邯郸市肥乡区初一学生王某某被杀害。案件发生后,肥乡区公安机关立即开展侦破工作。3月11日,涉案犯罪嫌疑人被全部抓获,现已依法采取刑事强制措施。司法机关将对犯罪行",official,http://fzsx.gov.cn/sx/fcsh/80475.htm,,,0.620,high,weak_support_label;few_evidence;single_source_type,uncertain,,,,,,,,
E049,LLM_E049_005,专家,应进一步明确聚合平台与网约车公司的权责，压实平台责任,neutral,专家观点呼吁厘清责任，保障各方权益,CHAIN_E049_001: 媒体调查披露聚合平台网约车阴阳账单和高抽成 -> 司机投诉阴阳账单，乘客质疑抽成过高 -> 交通运输新业态协同监管部际联席会议约谈平台 -> 持续关注抽成透明化治理 ||| CHAIN_E049_EXP_001: 媒体和社交平台披露网约车聚合平台存在“阴阳账单”、抽成不透明等问题 -> 司机、乘客和公众围绕平台抽成比例、账单差异和收入分配提出质疑 -> 交通运输新业态协同监管部际联席会议约谈网约车平台和聚合平台，要求规范经营行为 -> 专家和人大代表进一步建议明确聚合平台权责、加强抽成比例监管并保障司机收入,ev-01390,"网约车聚合平台正在打车出行中扮演越来越重要的角色,与此同时,平台对第三方网约车公司缺乏监管,带来的问题也引发了关注。有关专家认为,应进一步明确网约车聚合平台、网约车公司间的权责界定,压实平台责任。 ―",mainstream_news,https://news.youth.cn/sh/202508/t20250805_16157369.htm,,,0.480,medium,few_evidence;single_source_type;short_candidate_text,uncertain,,,,,,,,
E050,LLM_E050_003,乘客,网约车费用越来越高，怀疑与平台高抽成有关,negative,媒体报道乘客抱怨打车变贵,CHAIN_E050_001: 新华社调查揭露网约车平台高抽成 -> 司机和媒体公开质疑平台抽成不透明 -> 滴滴发布说明回应抽成质疑 -> 滴滴承诺持续推进公开透明 ||| CHAIN_E050_002: 媒体报道网约车平台高额抽成 -> 网约车司机反映收入下降并投诉 -> 滴滴官方回应称少数现象并改进 -> 滴滴排查原因并公布抽成数据 ||| CHAIN_E050_003: 司机和媒体通过个别账单质疑抽成 -> 滴滴确认存在部分订单抽成过高 -> 滴滴解释抽成构成并承诺改进 -> 舆论持续关注平台透明化,ev-02131,"IT之家5月7日消息 近期,新华社揭露网约车平台高额抽成,网约车市场有个怪现象:乘客表示打车越来越贵,司机却感叹挣钱越来越难... 快报 滴滴官方回应抽成高不透明:少数现象,会改进 中新经纬客户端5月",public_web,https://www.ashea.com.cn/zhuanlan/t-di-di_80.html,,,0.480,medium,few_evidence;single_source_type;short_candidate_text,uncertain,,,,,,,,
E002,LLM_E002_003,浦东新区政府,批准改造项目实施方案并提供政策支持,positive,浦东新区人民政府正式批复《唐镇小湾村暮二村等地块“城中村”改造项目实施方案》，体现政策支持。,CHAIN_E002_001: 小湾村、暮二村城中村改造项目启动签约 -> 可建未建房屋建筑问题引发关注 -> 浦东新区政府批复改造实施方案 -> 居民100%签约清盘，安置房启动建设 ||| CHAIN_E002_002: 改造项目征收评估启动 -> 签约过程中出现可建未建等争议 -> 区委领导调研推进城市更新工作 -> 100%居民签约完成及社保方案公告 ||| CHAIN_E002_003: 政府批复城中村改造实施方案 -> 外来租客大规模迁徙引发安置讨论 -> 支持专业化租赁企业参与房源整租运营 -> 安置房建设开工及被征地人员社保方案确认,ev-00049,浦东新区人民政府关于同意《唐镇小湾村暮二村等地块“城中村”改造项目实施方案》的批复 索引号 SY-310115-2024-00190 文件编号 浦府〔2023〕209号 发布机构 区政府 公开类别 主,official,https://www.pudong.gov.cn/zwgk/14527.gkml_ywl_cxjsgl/2024/9/321833.html,,,0.320,medium,few_evidence;single_source_type,uncertain,,,,,,,,
E020,LLM_E020_004,市场监管总局,高度关注事件，要求四川省市场监管部门按地方政府部署依法处置,neutral,市场监管总局关注到事件后，要求省级市场监管部门配合地方党委政府依法妥善处理，确保食品安全。,CHAIN_E020_001: 家长曝光食堂食材发霉变质 -> 社交媒体广泛传播引发关注 -> 政府和教育部门介入调查 -> 联合调查组新闻发布会公布结果 ||| CHAIN_E020_002: 3月12日家长反映食堂问题 -> 网络谣言与家长担忧升级 -> 国家市场监管总局要求核查 -> 3月17日官方调查结果公布 ||| CHAIN_E020_003: 网上曝光食堂食品质量问题 -> 家长到校集中反映质疑 -> 市场监管局封存送检食材 -> 温江区长介绍事件处理措施,ev-01695,"据市场监管总局网站3月13日消息,澎湃新闻(www.thepaper.cn)记者了解到,市场监管总局高度关注四川省成都市七中实验学校食堂食品原料存在的问题,已经要求四川省市场监管部门按照地方党委、政府",mainstream_news,https://www.thepaper.cn/newsDetail_forward_3129164,,,0.320,medium,few_evidence;single_source_type,uncertain,,,,,,,,
E020,LLM_E020_005,温江区政府,通报事件处理进展，封存食品原料并送检,positive,温江区政府新闻办公室在官方微博通报称，相关部门已赶赴学校处理，区市场监管局对食品原料封存送检。,CHAIN_E020_001: 家长曝光食堂食材发霉变质 -> 社交媒体广泛传播引发关注 -> 政府和教育部门介入调查 -> 联合调查组新闻发布会公布结果 ||| CHAIN_E020_002: 3月12日家长反映食堂问题 -> 网络谣言与家长担忧升级 -> 国家市场监管总局要求核查 -> 3月17日官方调查结果公布 ||| CHAIN_E020_003: 网上曝光食堂食品质量问题 -> 家长到校集中反映质疑 -> 市场监管局封存送检食材 -> 温江区长介绍事件处理措施,ev-01698,"针对成都七中实验学校小学部学生家长近日反映的食堂食品发霉变质问题,成都市温江区人民政府新闻办公室13日在官方微博通报称,温江区相关部门及时赶赴学校进行处理。目前,区市场监管局已对食品原料封存并送检,结",social_media,http://views.ce.cn/view/ent/201903/15/t20190315_31684731.shtml,,,0.320,medium,few_evidence;single_source_type,uncertain,,,,,,,,
E049,LLM_E049_002,交通运输部（监管机构）,约谈聚合平台，要求规范经营、合理制定运营规则、加强与司机沟通协商,positive,官方公告显示监管机构已采取行动促进行业规范,CHAIN_E049_001: 媒体调查披露聚合平台网约车阴阳账单和高抽成 -> 司机投诉阴阳账单，乘客质疑抽成过高 -> 交通运输新业态协同监管部际联席会议约谈平台 -> 持续关注抽成透明化治理 ||| CHAIN_E049_EXP_001: 媒体和社交平台披露网约车聚合平台存在“阴阳账单”、抽成不透明等问题 -> 司机、乘客和公众围绕平台抽成比例、账单差异和收入分配提出质疑 -> 交通运输新业态协同监管部际联席会议约谈网约车平台和聚合平台，要求规范经营行为 -> 专家和人大代表进一步建议明确聚合平台权责、加强抽成比例监管并保障司机收入,ev-01386,"7月29日消息,从交通运输部获悉,交通运输新业态协同监管部际联席会议办公室当日组织对多家网约车平台、聚合平台公司进行约谈。约谈要求,进一步规范经营行为,合理制定运营规则,加强与司机群体的沟通协商,落实",social_media,https://www.163.com/dy/article/IASV9IJ20519U3I5.html,,,0.320,medium,few_evidence;single_source_type,uncertain,,,,,,,,
E049,LLM_E049_004,全国人大代表,建议加强平台监管，明确抽成比例，提高司机收入,neutral,人大代表在公开场合提出监管建议,CHAIN_E049_001: 媒体调查披露聚合平台网约车阴阳账单和高抽成 -> 司机投诉阴阳账单，乘客质疑抽成过高 -> 交通运输新业态协同监管部际联席会议约谈平台 -> 持续关注抽成透明化治理 ||| CHAIN_E049_EXP_001: 媒体和社交平台披露网约车聚合平台存在“阴阳账单”、抽成不透明等问题 -> 司机、乘客和公众围绕平台抽成比例、账单差异和收入分配提出质疑 -> 交通运输新业态协同监管部际联席会议约谈网约车平台和聚合平台，要求规范经营行为 -> 专家和人大代表进一步建议明确聚合平台权责、加强抽成比例监管并保障司机收入,ev-01400,"全国人大代表、重庆市出租车驾驶员殷其龙:网约车平台抽成可能超40%,建议加强平台监管,明确抽成比例,这样网约车司机的收入也能相应提高。(工人日报客户端记者 陈丹丹)",mainstream_news,https://www.workercn.cn/c/2026-03-07/8749933.shtml,,,0.320,medium,few_evidence;single_source_type,uncertain,,,,,,,,
E050,LLM_E050_001,网约车司机,平台抽成比例过高且计算方式不透明，司机收入占比低,negative,司机和媒体质疑抽成比例过高，且对每单抽成比例和计算方式不知情,CHAIN_E050_001: 新华社调查揭露网约车平台高抽成 -> 司机和媒体公开质疑平台抽成不透明 -> 滴滴发布说明回应抽成质疑 -> 滴滴承诺持续推进公开透明 ||| CHAIN_E050_002: 媒体报道网约车平台高额抽成 -> 网约车司机反映收入下降并投诉 -> 滴滴官方回应称少数现象并改进 -> 滴滴排查原因并公布抽成数据 ||| CHAIN_E050_003: 司机和媒体通过个别账单质疑抽成 -> 滴滴确认存在部分订单抽成过高 -> 滴滴解释抽成构成并承诺改进 -> 舆论持续关注平台透明化,ev-02136,"近期,有网约车司机和媒体对网约车平台抽成提出质疑,认为一些平台抽成比例过高,且司机和乘客对每一单的抽成比例、计算方式不知情。5月7号,滴滴出行发布说明显示,2020年滴滴网约车司机收入占乘客应付总额的",public_web,https://www.hebtv.com/0/0rmhlm/mt/992kp/hbxwmzl992kp/10269575.shtml,,,0.320,medium,few_evidence;single_source_type,uncertain,,,,,,,,
E002,LLM_E002_001,小湾村、暮二村居民,支持城中村改造，100%完成签约,positive,多来源报道显示848户居民在签约期内全部完成签约，无遗留户，表明居民普遍支持改造方案。,CHAIN_E002_001: 小湾村、暮二村城中村改造项目启动签约 -> 可建未建房屋建筑问题引发关注 -> 浦东新区政府批复改造实施方案 -> 居民100%签约清盘，安置房启动建设 ||| CHAIN_E002_002: 改造项目征收评估启动 -> 签约过程中出现可建未建等争议 -> 区委领导调研推进城市更新工作 -> 100%居民签约完成及社保方案公告 ||| CHAIN_E002_003: 政府批复城中村改造实施方案 -> 外来租客大规模迁徙引发安置讨论 -> 支持专业化租赁企业参与房源整租运营 -> 安置房建设开工及被征地人员社保方案确认,ev-00042;ev-00044;ev-00041,"摘要:浦东小湾村将变身高新产业园区。2024年1月3日,浦东唐镇小湾村“城中村”改造项目提前3天实现100%居民征收签约。与此同时,首批征收安置房地块启动建设,将提供2500余套安置房源,建筑面积共约 ||| 12月23日上午9时,唐镇小湾村、暮二村等地块“城中村”项目正式启动签约,此次签约将分成九个地块陆续启动。首先签约的是九号地块,共41产集土居民,当天100%签约,实现清盘。安置房源都在唐镇镇域内,分 ||| 近日,随着最后一户签约完成,唐镇小湾村、暮二村等地块“城中村”改造项目(以下简称“小湾村项目”)848产(1000多户)居民100%签约实现清盘,村民们住上新房的愿望,以不落下一户的方式全部得以实现。",social_media ||| mainstream_news ||| mainstream_news,https://www.163.com/dy/article/INP4R12A055040N3.html ||| https://www.jfdaily.com/sgh/detail?id=1212752 ||| https://m.thepaper.cn/newsDetail_forward_26021880,,,0.000,low,low_risk,uncertain,,,,,,,,
E002,LLM_E002_002,浦东新区唐镇政府,积极推动改造，提供安置房源和就业保障方案,positive,官方文件显示政府批复实施方案、启动安置房建设，并针对被征地人员制定就业和社会保障方案。,CHAIN_E002_001: 小湾村、暮二村城中村改造项目启动签约 -> 可建未建房屋建筑问题引发关注 -> 浦东新区政府批复改造实施方案 -> 居民100%签约清盘，安置房启动建设 ||| CHAIN_E002_002: 改造项目征收评估启动 -> 签约过程中出现可建未建等争议 -> 区委领导调研推进城市更新工作 -> 100%居民签约完成及社保方案公告 ||| CHAIN_E002_003: 政府批复城中村改造实施方案 -> 外来租客大规模迁徙引发安置讨论 -> 支持专业化租赁企业参与房源整租运营 -> 安置房建设开工及被征地人员社保方案确认,ev-00042;ev-00046;ev-00047;ev-00048,"摘要:浦东小湾村将变身高新产业园区。2024年1月3日,浦东唐镇小湾村“城中村”改造项目提前3天实现100%居民征收签约。与此同时,首批征收安置房地块启动建设,将提供2500余套安置房源,建筑面积共约 ||| 关于申请唐镇小湾村暮二村等地块“城中村”改造项目地块四被征地人员就业和社会保障方案的公告确认 索引号 SY-310115-2024-03317 文件编号 浦唐府〔2024〕35号 发布机构 唐镇 公开 ||| 关于申请唐镇小湾村暮二村等地块“城中村”改造项目地块五被征地人员就业和社会保障方案的公告确认 索引号 SY-310115-2024-03318 文件编号 浦唐府〔2024〕36号 发布机构 唐镇 公开 ||| 关于申请唐镇小湾村暮二村等地块“城中村”改造项目地块八被征地人员就业和社会保障方案的公告确认 索引号 SY-310115-2024-01606 文件编号 浦唐府〔2024〕12号 发布机构 唐镇 公开",social_media ||| official ||| official ||| official,https://www.163.com/dy/article/INP4R12A055040N3.html ||| https://www.pudong.gov.cn/zwgk/14526.gkml_ywl_shbz/2024/177/328029.html ||| https://www.pudong.gov.cn/zwgk/14526.gkml_ywl_shbz/2024/177/328030.html ||| https://www.pudong.gov.cn/zwgk/14526.gkml_ywl_shbz/2024/90/325278.html,,,0.000,low,low_risk,uncertain,,,,,,,,
E015,LLM_E015_001,肥乡区委宣传部（官方微信公众号“微观肥乡”）,通报案件情况，称肥乡区高度重视，公安机关立即侦破，涉案犯罪嫌疑人全部抓获并依法采取刑事强制措施,neutral,官方通报直接来自肥乡区委宣传部，表达了对案件的高度重视和迅速行动,CHAIN_E015_001: 2024年3月10日，邯郸市肥乡区初一学生王某某被杀害 -> 公安机关立即开展侦破，3月11日犯罪嫌疑人被全部抓获 -> 官方通报案件进展 -> 犯罪嫌疑人被依法采取刑事强制措施，案件在进一步处理 ||| CHAIN_E015_002: 邯郸市肥乡区初一学生王某某被害事件发生 -> 社会广泛关注，媒体大量报道引发公众同情与讨论 -> 肥乡区高度重视，公安机关迅速介入并通报案情 -> 涉案嫌疑人被抓获并采取强制措施 ||| CHAIN_E015_003: 2024年3月10日，学生王某某在肥乡区北高镇张庄村附近被害 -> 多家媒体跟进报道，舆论呼吁加强未成年人保护 -> 肥乡区委员会宣传部通过官方微信公众号发布案情通报 -> 案件正在依法处理中,ev-00331;ev-00326;ev-00329;ev-00330;ev-00333;ev-00347,"“微观肥乡”17日发布通报:3月10日,邯郸市肥乡区初一学生王某某被杀害。案件发生后,肥乡区公安机关立即开展侦破工作。3月11日,涉案犯罪嫌疑人被全部抓获,现已依法采取刑事强制措施。司法机关将对犯罪行 ||| 邯郸市肥乡区委员会宣传部的官方微信公众号“微观肥乡”17日晚间发布通报:2024年3月10日,邯郸市肥乡区初一学生王某某被杀害。案件发生后,肥乡区高度重视,公安机关立即开展侦破工作。3月11日,涉案犯 ||| 邯郸市肥乡区委员会宣传部的官方微信公众号“微观肥乡”17日晚间发布通报:2024年3月10日,邯郸市肥乡区初一学生王某某被杀害。案件发生后,肥乡区高度重视,公安机关立即开展侦破工作。3月11日,涉案犯 ||| 邯郸市肥乡区委员会宣传部的官方微信公众号“微观肥乡”17日晚间发布通报:2024年3月10日,邯郸市肥乡区初一学生王某某被杀害。案件发生后,肥乡区高度重视,公安机关立即开展侦破工作。3月11日,涉案犯 ||| 新京报讯 据微观肥乡官微消息,2024年3月10日,邯郸市肥乡区初一学生王某某被杀害。案件发生后,肥乡区高度重视,公安机关立即开展侦破工作。3月11日,涉案犯罪嫌疑人被全部抓获,现已依法采取刑事强制措 ||| 近日,邯郸市肥乡区发生了一起令人痛心的案件,一名初中生不幸遇害。肥乡区委员会宣传部通过其官方微信公众号“微观肥乡”于17日晚间发布通报,向公众详细说明了案件的情况及后续处理进展。 通报指出,2024年",official ||| social_media ||| social_media ||| social_media ||| mainstream_news ||| social_media,http://fzsx.gov.cn/sx/fcsh/80475.htm ||| https://cn.chinadaily.com.cn/a/202403/18/WS65f78960a3109f7860dd5c49.html ||| http://www.nmgcb.com.cn/shehui/r-280693.html ||| http://news.jcrb.com/jsxw/2024/202403/t20240318_6351946.html ||| https://finance.sina.cn/2024-03-17/detail-inanrwwi1956324.d.html ||| https://www.toutiao.com/article/7348283749471158823,,,0.000,low,low_risk,uncertain,,,,,,,,
E015,LLM_E015_002,肥乡区公安机关,立即开展侦破工作，于3月11日全部抓获涉案犯罪嫌疑人并依法采取刑事强制措施,neutral,官方通报明确指出公安机关立即侦破并抓获全部犯罪嫌疑人，体现了执法行动,CHAIN_E015_001: 2024年3月10日，邯郸市肥乡区初一学生王某某被杀害 -> 公安机关立即开展侦破，3月11日犯罪嫌疑人被全部抓获 -> 官方通报案件进展 -> 犯罪嫌疑人被依法采取刑事强制措施，案件在进一步处理 ||| CHAIN_E015_002: 邯郸市肥乡区初一学生王某某被害事件发生 -> 社会广泛关注，媒体大量报道引发公众同情与讨论 -> 肥乡区高度重视，公安机关迅速介入并通报案情 -> 涉案嫌疑人被抓获并采取强制措施 ||| CHAIN_E015_003: 2024年3月10日，学生王某某在肥乡区北高镇张庄村附近被害 -> 多家媒体跟进报道，舆论呼吁加强未成年人保护 -> 肥乡区委员会宣传部通过官方微信公众号发布案情通报 -> 案件正在依法处理中,ev-00331;ev-00326;ev-00329;ev-00330;ev-00333,"“微观肥乡”17日发布通报:3月10日,邯郸市肥乡区初一学生王某某被杀害。案件发生后,肥乡区公安机关立即开展侦破工作。3月11日,涉案犯罪嫌疑人被全部抓获,现已依法采取刑事强制措施。司法机关将对犯罪行 ||| 邯郸市肥乡区委员会宣传部的官方微信公众号“微观肥乡”17日晚间发布通报:2024年3月10日,邯郸市肥乡区初一学生王某某被杀害。案件发生后,肥乡区高度重视,公安机关立即开展侦破工作。3月11日,涉案犯 ||| 邯郸市肥乡区委员会宣传部的官方微信公众号“微观肥乡”17日晚间发布通报:2024年3月10日,邯郸市肥乡区初一学生王某某被杀害。案件发生后,肥乡区高度重视,公安机关立即开展侦破工作。3月11日,涉案犯 ||| 邯郸市肥乡区委员会宣传部的官方微信公众号“微观肥乡”17日晚间发布通报:2024年3月10日,邯郸市肥乡区初一学生王某某被杀害。案件发生后,肥乡区高度重视,公安机关立即开展侦破工作。3月11日,涉案犯 ||| 新京报讯 据微观肥乡官微消息,2024年3月10日,邯郸市肥乡区初一学生王某某被杀害。案件发生后,肥乡区高度重视,公安机关立即开展侦破工作。3月11日,涉案犯罪嫌疑人被全部抓获,现已依法采取刑事强制措",official ||| social_media ||| social_media ||| social_media ||| mainstream_news,http://fzsx.gov.cn/sx/fcsh/80475.htm ||| https://cn.chinadaily.com.cn/a/202403/18/WS65f78960a3109f7860dd5c49.html ||| http://www.nmgcb.com.cn/shehui/r-280693.html ||| http://news.jcrb.com/jsxw/2024/202403/t20240318_6351946.html ||| https://finance.sina.cn/2024-03-17/detail-inanrwwi1956324.d.html,,,0.000,low,low_risk,uncertain,,,,,,,,
E020,LLM_E020_001,学生家长,反映学校食堂食品发霉变质，质疑食堂管理，担忧孩子健康,negative,家长通过微博等渠道曝光食堂食材发霉变质照片，并聚集反映问题，表达对食堂管理和孩子健康的担忧。,CHAIN_E020_001: 家长曝光食堂食材发霉变质 -> 社交媒体广泛传播引发关注 -> 政府和教育部门介入调查 -> 联合调查组新闻发布会公布结果 ||| CHAIN_E020_002: 3月12日家长反映食堂问题 -> 网络谣言与家长担忧升级 -> 国家市场监管总局要求核查 -> 3月17日官方调查结果公布 ||| CHAIN_E020_003: 网上曝光食堂食品质量问题 -> 家长到校集中反映质疑 -> 市场监管局封存送检食材 -> 温江区长介绍事件处理措施,ev-01698;ev-01697;ev-01702;ev-01703,"针对成都七中实验学校小学部学生家长近日反映的食堂食品发霉变质问题,成都市温江区人民政府新闻办公室13日在官方微博通报称,温江区相关部门及时赶赴学校进行处理。目前,区市场监管局已对食品原料封存并送检,结 ||| 识别二维码进入报名通道 3月12日,有多名学生家长反映成都七中实验学校食堂材料有发霉、变质的情况。网 3月12日,有多名学生家长反映成都七中实验学校食堂材料有发霉、变质的情况。网络中晒出的照片内可见食 ||| 根据微博网友爆料,成都七中实验学校食堂内出现了各种发霉变质的水果、冷冻肉,有学生吃了身体出现异常。 网友@袍义酒行 在微博上曝光学校食堂图片 网友晒出了大量照片,照片内可见食堂操作间内脏乱不堪,部 ||| 温江区区长马烈红介绍成都七中实验学校食堂管理问题相关情况 各位媒体朋友: 近期,因成都七中实验学校食堂问题引发了学生家长到学校集中反映,质疑食堂的管理,担忧孩子的健康,影响了很多孩子和家长的正常学习生",social_media ||| public_web ||| social_media ||| mainstream_news,http://views.ce.cn/view/ent/201903/15/t20190315_31684731.shtml ||| https://ishare.ifeng.com/c/s/7l0vfAukpHl ||| https://finance.sina.com.cn/wm/2019-03-13/doc-ihrfqzkc3636954.shtml ||| https://news.sina.com.cn/c/2019-03-17/doc-ihsxncvh3218342.shtml,,,0.000,low,low_risk,uncertain,,,,,,,,
E020,LLM_E020_002,成都市联合调查组,召开新闻发布会，公布调查结果与处理措施，回应公众关切,neutral,联合调查组于3月17日举行新闻发布会，由多个部门负责人介绍事件经过及已采取的措施，旨在公开透明回应社会关注。,CHAIN_E020_001: 家长曝光食堂食材发霉变质 -> 社交媒体广泛传播引发关注 -> 政府和教育部门介入调查 -> 联合调查组新闻发布会公布结果 ||| CHAIN_E020_002: 3月12日家长反映食堂问题 -> 网络谣言与家长担忧升级 -> 国家市场监管总局要求核查 -> 3月17日官方调查结果公布 ||| CHAIN_E020_003: 网上曝光食堂食品质量问题 -> 家长到校集中反映质疑 -> 市场监管局封存送检食材 -> 温江区长介绍事件处理措施,ev-00485;ev-01709;ev-01706;ev-01704;ev-01705;ev-00482,"导读 今天(3月17日)上午10点30分,成都七中实验学校食堂管理问题成都市联合调查组举行新闻发布会,由成都市市场监管局、成都市卫健委、成都市教育局、成都市温江区政府、成都市公安局、四川源坤国科质量检 ||| 摘要:今日(3月17日)上午10点30分,成都七中实验学校食堂管理问题成都市联合调查组举行新闻发布会,由成都市市场监管局、成都市卫健委、成都市教育局、成都市温江区政府、成都市公安局、四川源坤国科质量检 ||| 今天上午10点30分,成都七中实验学校食堂管理问题成都市联合调查组举行新闻发布会,由成都市市场监管局、成都市卫健委、成都市教育局、成都市温江区政府、成都市公安局、... ||| “成都七中实验学校食堂管理问题” 事件经过究竟是怎样的? 网上流传的图片是否真实? 家长卧底、维权跳楼是否真有发生? 食堂食材取样调查结果如何? ...... 这些网友关心的问题 今日召开的 成都七中 ||| 上午10点30分,成都七中实验学校食堂管理问题成都市联合调查组举行新闻发布会,由成都市市场监管局、成都市卫健委、成都市教育局、成都市温江区政府、成都市公安局、四川源坤国科质量检验有限公司等单位负责人, ||| 红星新闻 ”(ID:cdsbnc 成都商报-红星新闻记者 潘俊文 杜玉全、 监控视频提供:成都市市场监督管理局 )、“南方都市报”(ID:nddaily) 导读 今天(3月17日)上午10点30分,成",forum ||| mainstream_news ||| official ||| mainstream_news ||| mainstream_news ||| mainstream_news,https://zhuanlan.zhihu.com/p/59558895 ||| https://www.wjnews.cn/show/1517-140511.html ||| https://edu.sc.gov.cn/scedu/c100556/2019/3/17/1767dcaee3334a39ab02cb748649a755.shtml ||| https://www.sohu.com/a/301871336_100160824 ||| https://www.takefoto.cn/viewnews-1730929.html ||| https://www.sohu.com/a/301964523_498200,,,0.000,low,low_risk,uncertain,,,,,,,,
E020,LLM_E020_003,四川省教育厅,高度重视事件，立即派出工作组会同成都市教育局进行核查处置,positive,教育厅在事件发生后第一时间派出工作组前往学校，会同当地教育部门开展核查，并承诺及时通报进展。,CHAIN_E020_001: 家长曝光食堂食材发霉变质 -> 社交媒体广泛传播引发关注 -> 政府和教育部门介入调查 -> 联合调查组新闻发布会公布结果 ||| CHAIN_E020_002: 3月12日家长反映食堂问题 -> 网络谣言与家长担忧升级 -> 国家市场监管总局要求核查 -> 3月17日官方调查结果公布 ||| CHAIN_E020_003: 网上曝光食堂食品质量问题 -> 家长到校集中反映质疑 -> 市场监管局封存送检食材 -> 温江区长介绍事件处理措施,ev-01691;ev-01693,"3月12日,部分学生家长反映成都七中实验学校食堂有关问题。教育厅对此高度重视,立即派出工作组前往成都七中实验学校会同成都市教育局进行核查处置,有关调查核实和相关工作跟进情况,将及时通报。同时,已要求各 ||| 3月12日,部分学生家长反映成都七中实验学校食堂有关问题。教育厅对此高度重视,立即派出工作组前往成都七中实验学校会同成都市教育局进行核查处置,有关调查核实和相关工作跟进情况,将及时通报。同时,已要求各",official ||| mainstream_news,https://www.sc.gov.cn/10462/10464/13722/2019/3/13/70340e568b8f48a8ac44b1baab4c4c1f.shtml ||| https://cbgc.scol.com.cn/home/124175,,,0.000,low,low_risk,uncertain,,,,,,,,
E049,LLM_E049_001,网约车司机,要求平台公开透明抽成比例，降低高抽成,negative,司机收入因高抽成和阴阳账单受损，媒体调查和投诉平台均有大量证据,CHAIN_E049_001: 媒体调查披露聚合平台网约车阴阳账单和高抽成 -> 司机投诉阴阳账单，乘客质疑抽成过高 -> 交通运输新业态协同监管部际联席会议约谈平台 -> 持续关注抽成透明化治理 ||| CHAIN_E049_EXP_001: 媒体和社交平台披露网约车聚合平台存在“阴阳账单”、抽成不透明等问题 -> 司机、乘客和公众围绕平台抽成比例、账单差异和收入分配提出质疑 -> 交通运输新业态协同监管部际联席会议约谈网约车平台和聚合平台，要求规范经营行为 -> 专家和人大代表进一步建议明确聚合平台权责、加强抽成比例监管并保障司机收入,ev-01370;ev-01382;ev-01385,"四川在线记者 田珊 廖文卓 王了 视频剪辑 郭雨荷 实习生 幸定坤长期以来,网约车平台抽成过高问题饱受争议。司机们辛苦奔波,却因平台高抽成,收入大打折扣。近日,有网友在问政四川反映,家里人开网约车太难 ||| 网约车抽成近五成,保障司机权益才能长久发展 2024-01-16 17:56:52 网约车的发展不该滑向零和博弈的局面。只有确保司机的合法权益得到保障,收入构成合理、透明,抽成比例合适,他们才有更强大 ||| 近日,网约车聚合平台抽成过高的现象引发热议。根据媒体调查,网约车聚合平台存在订单层层转卖、多次抽成的现象,比如,一笔实付98.11元的订单,司机实收金额仅为52.17元,占53%,其余47%被平台抽成",public_interaction ||| public_web ||| mainstream_news,https://sichuan.scol.com.cn/spsc/202507/83080320.html ||| https://guancha.gmw.cn/zhuanlan/2024-01/16/content_37092423.htm ||| http://www.eeo.com.cn/2024/0117/628714.shtml,,,0.000,low,low_risk,uncertain,,,,,,,,
E049,LLM_E049_003,网约车司机,投诉平台存在‘阴阳账单’，实际抽成远高于显示比例,negative,司机具体投诉案例显示乘客支付金额与司机端显示不一致,CHAIN_E049_001: 媒体调查披露聚合平台网约车阴阳账单和高抽成 -> 司机投诉阴阳账单，乘客质疑抽成过高 -> 交通运输新业态协同监管部际联席会议约谈平台 -> 持续关注抽成透明化治理 ||| CHAIN_E049_EXP_001: 媒体和社交平台披露网约车聚合平台存在“阴阳账单”、抽成不透明等问题 -> 司机、乘客和公众围绕平台抽成比例、账单差异和收入分配提出质疑 -> 交通运输新业态协同监管部际联席会议约谈网约车平台和聚合平台，要求规范经营行为 -> 专家和人大代表进一步建议明确聚合平台权责、加强抽成比例监管并保障司机收入,ev-01369;ev-01217,"我们先来看一笔账单。但司机端却显示乘客只支付了144.27元,抽成只有25.69%。在企业订单和第三方渠道订单中,这种“阴阳账单”更是屡见不鲜。有司机提醒,如果你在机场接到这类订单,可得留神了,抽佣比 ||| “乘客支付155.06元,而平台却显示乘客支付了102.89元。”1月15日,某网约车平台(阳光出行)司机陈晨(化名)在某投诉平台上称。 1月14日,陈晨接到由北京朝阳站到北京西站的外派订单。据他表示",social_media ||| mainstream_news,https://www.toutiao.com/article/7446254260548895259/ ||| https://tech.ifeng.com/c/8WOAmlKXkWQ,,,0.000,low,low_risk,uncertain,,,,,,,,
E050,LLM_E050_002,滴滴出行,承认部分订单抽成高于30%，承诺排查原因并推进抽成透明化,neutral,滴滴发布声明回应质疑，承认存在问题并称将改进,CHAIN_E050_001: 新华社调查揭露网约车平台高抽成 -> 司机和媒体公开质疑平台抽成不透明 -> 滴滴发布说明回应抽成质疑 -> 滴滴承诺持续推进公开透明 ||| CHAIN_E050_002: 媒体报道网约车平台高额抽成 -> 网约车司机反映收入下降并投诉 -> 滴滴官方回应称少数现象并改进 -> 滴滴排查原因并公布抽成数据 ||| CHAIN_E050_003: 司机和媒体通过个别账单质疑抽成 -> 滴滴确认存在部分订单抽成过高 -> 滴滴解释抽成构成并承诺改进 -> 舆论持续关注平台透明化,ev-01240;ev-01239,"滴滴昨天通过微信公众号发布声明,对网约车「抽成」问题进行回应:2020年滴滴网约车司机收入占乘客应付总额的79.1%;剩下20.9% 中,10.9% 为乘客补贴优惠,6.9% 为企业经营成 近期,有声 ||| 滴滴回应“抽成”问题:虚心接受批评,持续推进公开透明5月7日。滴滴回应“抽成”问题:确实存在部分司机收入占比较低,抽成高于30%的订单占总订单的2.7%。虽占比不高,但确给司机师傅造成困扰,公司正陆续",social_media ||| mainstream_news,http://www.cppcns.com/news/roll/390860.html ||| https://www.thepaper.cn/newsDetail_forward_12564944?commTag=true,,,0.000,low,low_risk,uncertain,,,,,,,,
